No,original size,resize,fileName,url
1,"(400, 266)","(1200, 880)",resized-paktaso0.jpg,https://pakutaso.cdn.rabify.me/shared/img/thumb/yuka458A4735.jpg?d=400
2,"(400, 252)","(1200, 880)",resized-paktaso1.jpg,https://pakutaso.cdn.rabify.me/shared/img/thumb/yuka458A4908.jpg?d=400
3,"(400, 266)","(1200, 880)",resized-paktaso2.jpg,https://pakutaso.cdn.rabify.me/shared/img/thumb/yuka458A5040.jpg?d=400
4,"(400, 266)","(1200, 880)",resized-paktaso3.jpg,https://pakutaso.cdn.rabify.me/shared/img/thumb/psportraitnonnu01.jpg?d=400
5,"(400, 266)","(1200, 880)",resized-paktaso4.jpg,https://pakutaso.cdn.rabify.me/shared/img/thumb/yukayukaFTHG4566.jpg?d=400
6,"(400, 266)","(1200, 880)",resized-paktaso5.jpg,https://pakutaso.cdn.rabify.me/shared/img/thumb/yukayukaFTHG4563.jpg?d=400
7,"(400, 600)","(1200, 880)",resized-paktaso6.jpg,https://pakutaso.cdn.rabify.me/shared/img/thumb/yukayukaFTHG4550.jpg?d=400
8,"(400, 266)","(1200, 880)",resized-paktaso7.jpg,https://pakutaso.cdn.rabify.me/shared/img/thumb/yukayukaFTHG4541.jpg?d=400
9,"(400, 600)","(1200, 880)",resized-paktaso8.jpg,https://pakutaso.cdn.rabify.me/shared/img/thumb/yukayukaFTHG4525.jpg?d=400
10,"(400, 266)","(1200, 880)",resized-paktaso9.jpg,https://pakutaso.cdn.rabify.me/shared/img/thumb/nissinIMGL1044.jpg?d=400
11,"(400, 266)","(1200, 880)",resized-paktaso10.jpg,https://pakutaso.cdn.rabify.me/shared/img/thumb/nissinIMGL1043.jpg?d=400
12,"(400, 266)","(1200, 880)",resized-paktaso11.jpg,https://pakutaso.cdn.rabify.me/shared/img/thumb/nissinIMGL1037.jpg?d=400
13,"(400, 600)","(1200, 880)",resized-paktaso12.jpg,https://pakutaso.cdn.rabify.me/shared/img/thumb/nissinIMGL1033.jpg?d=400
14,"(400, 599)","(1200, 880)",resized-paktaso13.jpg,https://pakutaso.cdn.rabify.me/shared/img/thumb/nissinIMGL1032.jpg?d=400
15,"(400, 600)","(1200, 880)",resized-paktaso14.jpg,https://pakutaso.cdn.rabify.me/shared/img/thumb/nissinIMGL1031.jpg?d=400
16,"(400, 578)","(1200, 880)",resized-paktaso15.jpg,https://pakutaso.cdn.rabify.me/shared/img/thumb/nissinIMGL1026.jpg?d=400
17,"(400, 266)","(1200, 880)",resized-paktaso16.jpg,https://pakutaso.cdn.rabify.me/shared/img/thumb/nissinIMGL1013.jpg?d=400
18,"(400, 270)","(1200, 880)",resized-paktaso17.jpg,https://pakutaso.cdn.rabify.me/shared/img/thumb/nissinIMGL1010.jpg?d=400
19,"(400, 266)","(1200, 880)",resized-paktaso18.jpg,https://pakutaso.cdn.rabify.me/shared/img/thumb/nissinIMGL1003.jpg?d=400
20,"(400, 279)","(1200, 880)",resized-paktaso19.jpg,https://pakutaso.cdn.rabify.me/shared/img/thumb/nissinIMGL0857.jpg?d=400
21,"(400, 266)","(1200, 880)",resized-paktaso20.jpg,https://pakutaso.cdn.rabify.me/shared/img/thumb/yukayukaFTHG4563.jpg?d=400
22,"(400, 600)","(1200, 880)",resized-paktaso21.jpg,https://pakutaso.cdn.rabify.me/shared/img/thumb/TSJ86_date20150208082618.jpg?d=400
23,"(400, 253)","(1200, 880)",resized-paktaso22.jpg,https://pakutaso.cdn.rabify.me/shared/img/thumb/kys150922507628.jpg?d=400
24,"(400, 271)","(1200, 880)",resized-paktaso23.jpg,https://pakutaso.cdn.rabify.me/shared/img/thumb/IMGL5336.jpg?d=400
25,"(400, 266)","(1200, 880)",resized-paktaso24.jpg,https://pakutaso.cdn.rabify.me/shared/img/thumb/IMGL5313.jpg?d=400
26,"(400, 266)","(1200, 880)",resized-paktaso25.jpg,https://pakutaso.cdn.rabify.me/shared/img/thumb/smIMGL4153.jpg?d=400
